sample,question,ground_truth,raw_prediction,prediction,correct,question_type
6,"On the eastern side of the street near the end of the cul-de-sac, what change has occurred to the undeveloped plot of land?  **A)** The lot was paved over to create a parking area. **B)** A new residential building was constructed. **C)** The existing structure was demolished to create open space. **D)** A community playground was installed.",B,A,a,False,Multiple Choice
13,What change has occurred to the sidewalk segment located along the curve of the street in the center-left portion of the neighborhood?  **A)** It was recently constructed. **B)** It was demolished. **C)** It was widened for a bike lane. **D)** It was repaved with a darker material.,B,A,a,False,Multiple Choice
16,"Focusing on the front yard of the house located on the western side of the street that runs diagonally from the top-left toward the bottom-right of the images, what change has occurred to the tree in that location?  **A)** A new tree was planted. **B)** The tree was removed. **C)** The tree was relocated to the backyard. **D)** The tree was replaced by a small shed.",A,B,b,False,Multiple Choice
17,"Looking at the lower-right portion of the images, specifically at the site on the southern side of the suburban street, what change has occurred?  **A)** A new house has been built where there was previously undeveloped land. **B)** An existing structure was completely demolished and the site cleared. **C)** A large swimming pool was added to an existing backyard. **D)** The site was cleared of vegetation but left as a vacant dirt lot.",A,D,d,False,Multiple Choice
18,What change can be observed in the sidewalk located along the northern curve of the cul-de-sac in the upper-left portion of the images?  **A)** It was demolished. **B)** It was newly constructed. **C)** It was widened. **D)** It was relocated to the opposite side of the street.,A,C,c,False,Multiple Choice
29,"Focusing on the clearing to the southeast of the building with the green roof, what notable change has occurred between the two images?  **A)** A building was constructed. **B)** A building was demolished. **C)** A new road was paved through the area. **D)** A swimming pool was installed.",A,B,b,False,Multiple Choice
34,"Has a new residential building been constructed in the southern section of the image, situated south of the horizontal road and just to the west of where it intersects with the road coming from the north?",Yes,No,no,False,Yes/No
60,"In the front yard of the house located on the northern side of the central horizontal road, three houses away from the western intersection, have the small saplings grown into large, mature trees with dense green canopies?",Yes,No,no,False,Yes/No
65,"Has the small tree located near the northwestern corner of the site, adjacent to the paved parking area, been removed?",Yes,No,no,False,Yes/No
84,"Along the northern edge of the road on the far left side of the images, what change can be seen regarding the sidewalk?  **A)** It was demolished and replaced with a dirt path. **B)** It was newly constructed where there was previously only unpaved ground. **C)** It was widened to accommodate a bike lane. **D)** It was removed to expand the front yards of the adjacent houses.",B,D,d,False,Multiple Choice
87,"Is there a newly constructed building at the top edge of the image, located at the northern end of the residential development?",Yes,No,no,False,Yes/No
98,Has a tree been planted in the front yard of the house situated on the north side of the diagonal road in the southeastern portion of the image?,Yes,No,no,False,Yes/No
104,What change occurred in the middle-right area of the land shown in these images?  **A)** A new residential building was constructed. **B)** A building was completely demolished. **C)** A new paved road was added to an empty field. **D)** Dense vegetation was cleared to make way for a park.,A,C,c,False,Multiple Choice
110,Is there any observable discrepancy between the two scenes?,No,Yes,yes,False,Yes/No
114,What change occurred to the building in the bottom-left corner of the image between the two time periods?  **A)** The building was newly constructed. **B)** The building was demolished. **C)** The building was expanded with an addition. **D)** The building's roof was replaced.,A,B,b,False,Multiple Choice
118,"In the northern part of the images, along the western edge of the main road near the intersection, what change has occurred to the sidewalk?  **A)** A new sidewalk was constructed. **B)** The existing sidewalk was demolished. **C)** The sidewalk was widened. **D)** The sidewalk was moved closer to the road.",A,C,c,False,Multiple Choice
122,Has a large tree appeared or significantly increased in size in the front yard of the second house from the left edge on the north side of the central horizontal street?,Yes,No,no,False,Yes/No
128,"Has a new building been constructed in the southwest corner of the area, nestled among the trees?",Yes,No,no,False,Yes/No
130,"Focusing on the northeast corner of the area shown, how has the sidewalk changed between the two images?  **A)** It was newly built as part of the urban expansion. **B)** It was removed to expand the adjacent roadway. **C)** It was widened and paved with decorative bricks. **D)** It was shortened to allow for more residential parking.",A,B,b,False,Multiple Choice
139,"Focusing on the residential area in the upper-right quadrant of the image, what change can be observed regarding the tree in the front yard of the house?  **A)** It was removed during land clearing. **B)** It was planted as part of the new landscaping. **C)** It was relocated to the backyard. **D)** It was significantly trimmed.",B,A,a,False,Multiple Choice
140,"In the northeast corner of the area, what change can be observed regarding the athletic field?  **A)** The athletic field was demolished. **B)** A new athletic field was constructed. **C)** The athletic field was replaced by a building. **D)** The athletic field remained unchanged.",B,D,d,False,Multiple Choice
145,What development took place in the northeast section of the area shown in the images?  **A)** A building was demolished. **B)** A building was newly constructed. **C)** The roof of an existing building was replaced. **D)** A swimming pool was installed in the yard.,B,C,c,False,Multiple Choice
157,Has a residential building been constructed in the bottom-left corner of the image?,Yes,No,no,False,Yes/No
166,Has the tree located in the bottom-right corner of the image been removed and replaced by a paved road surface?,Yes,No,no,False,Yes/No
182,"In the upper left corner of the area shown, what change can be observed between the two images?  **A)** A building was demolished. **B)** A new house was constructed. **C)** A swimming pool was installed. **D)** Large trees were removed from the lot.",B,A,a,False,Multiple Choice
183,"In the front yard of the house located in the bottom-left corner of the imagery, adjacent to the road, what change has occurred to the tree?  **A)** A tree was removed. **B)** A tree was planted. **C)** A tree was replaced by a flagpole. **D)** A tree was damaged by a storm.",B,A,a,False,Multiple Choice
187,Is there any detectable anomaly in the scene's global configuration when comparing these two images?,No,Yes,yes,False,Yes/No
196,"Looking at the lower-central portion of the images on the right side of the road, what change can be observed in the vacant lot situated between the neighboring properties?  **A)** A house has been demolished. **B)** A new building has been constructed. **C)** A parking lot was paved over the area. **D)** The land has remained vacant with no changes.",B,D,d,False,Multiple Choice
202,"In the bottom right-hand corner of the images, what change has occurred regarding the paved road?  **A)** It was demolished. **B)** It was constructed. **C)** It was widened. **D)** It was rerouted.",B,A,a,False,Multiple Choice
205,"In the lower right corner of the area shown, adjacent to the road, what change has occurred regarding the tree?  **A)** It was planted. **B)** It was removed. **C)** It was damaged by construction. **D)** It was relocated to a different lot.",A,B,b,False,Multiple Choice
206,"Focusing on the property in the bottom-left corner of the images, what change can be observed regarding the tree in its front yard?  **A)** The tree has been removed and replaced with a paved area. **B)** The tree was replaced with several smaller shrubs. **C)** The tree has grown significantly in size and canopy density. **D)** A new building extension has been built over the tree's location.",C,A,a,False,Multiple Choice
207,What notable change occurred to the area adjacent to the cul-de-sac in the bottom right corner between the first and second images?  **A)** The land was cleared to make way for a parking lot. **B)** Multiple new residential buildings were constructed. **C)** A large industrial warehouse was built on the site. **D)** The area was converted into a public park with several ponds.,B,A,a,False,Multiple Choice
211,What change has occurred to the plot of land located in the upper-left corner of the area?  **A)** A building has been demolished. **B)** A new residential building has been constructed. **C)** A large swimming pool was installed. **D)** The area was paved for a new road.,B,D,d,False,Multiple Choice
215,"Look at the northeast corner of the images, specifically at the area adjacent to the road. What change occurred to the sidewalk there?  **A)** It was demolished and replaced with dirt. **B)** It was newly paved as the neighborhood was developed. **C)** It was significantly narrowed to allow for road widening. **D)** It was replaced by a series of small shrubs.",B,C,c,False,Multiple Choice
219,Has a new residential building been constructed in the top-left corner of the property?,Yes,No,no,False,Yes/No
221,"Looking at the front yard of the third house from the bottom on the right side of the street, what change can be observed regarding the vegetation?  **A)** A large tree was removed. **B)** A new tree was planted. **C)** The lawn was replaced with pavement. **D)** A garden bed was demolished.",B,A,a,False,Multiple Choice
222,"What change occurred to the area located on the western side of the cul-de-sac between the two images?  **A)** A new residential building was constructed. **B)** A building was demolished, leaving an empty lot. **C)** Extensive landscaping and tree planting took place. **D)** A large commercial structure was added to the neighborhood.",A,B,b,False,Multiple Choice
224,"In the northwest portion of the images, situated on the outer edge of the curved road, what change can be observed regarding the tree at that location?  **A)** It was removed during construction. **B)** It was newly planted. **C)** It was significantly damaged by a storm. **D)** It was replaced by a residential building.",B,A,a,False,Multiple Choice
229,"In the northern part of the property, situated between the open dirt lot and the side road to the east of the parking area, what change has occurred to the vegetation?  **A)** Several trees were planted. **B)** All trees in the area were removed. **C)** The trees were replaced with a decorative fence. **D)** A small utility shed was built where the trees once stood.",A,B,b,False,Multiple Choice
234,What change has occurred on the vacant lot located at the end of the street on the right side of the images?  **A)** A new residential building has been constructed. **B)** The lot has been cleared of existing structures to become an empty field. **C)** A large community playground has been installed. **D)** The area has been paved over to create an extension of the road.,A,B,b,False,Multiple Choice
240,What has occurred at the site located in the northwest corner of the image?  **A)** A building has been demolished. **B)** A new building has been constructed. **C)** A building was replaced with a parking lot. **D)** A building underwent a complete renovation.,B,A,a,False,Multiple Choice
241,Is there any detectable anomaly or global alteration between these two scene captures?,No,Yes,yes,False,Yes/No
254,"In the southeast corner of the image, on the front lawn of the residence adjacent to the street, what change can be observed regarding the tree at that location?  **A)** It was demolished. **B)** It was planted. **C)** It was relocated to the backyard. **D)** It was replaced by a garden bed.",B,A,a,False,Multiple Choice
262,What change is observed regarding the unpaved road located on the eastern side of the main diagonal highway?  **A)** It was paved and extended. **B)** It was demolished. **C)** It was widened to accommodate more traffic. **D)** It was relocated further to the north.,B,A,a,False,Multiple Choice
266,"Looking at the upper-left portion of the images, what change can be observed on the north side of the road that extends towards the left from the central intersection?  **A)** A new sidewalk was constructed. **B)** A sidewalk was demolished and replaced with grass. **C)** The existing sidewalk was widened. **D)** A row of trees was planted where the sidewalk used to be.",A,D,d,False,Multiple Choice
273,"Has the tree located in the bottom-left corner, situated along the sidewalk south of the main road, grown significantly in size and foliage?",Yes,No,no,False,Yes/No
278,"In the lower portion of the images, near the corner property where the curved road meets the diagonal thoroughfare, what change has occurred to the sidewalk?  **A)** The sidewalk was removed and replaced with grass. **B)** A new sidewalk was constructed or repaved with bright concrete. **C)** The sidewalk was widened significantly. **D)** The sidewalk was rerouted away from the main road.",B,C,c,False,Multiple Choice
283,"Has a new building been constructed in the southeastern corner of the area, situated at the intersection of the two roads?",Yes,No,no,False,Yes/No
291,What change has occurred at the location at the end of the cul-de-sac on the left side of the images?  **A)** A new building was constructed. **B)** An existing house was demolished. **C)** A swimming pool was added to the property. **D)** The roof of the house was replaced with different materials.,A,C,c,False,Multiple Choice
294,"At the street intersection in the top right corner of the image, what change has occurred to the sidewalk?  **A)** A new sidewalk was constructed. **B)** The sidewalk was demolished. **C)** A tree was planted on the sidewalk corner. **D)** The sidewalk was narrowed.",A,B,b,False,Multiple Choice
295,"Looking at the area in the bottom left corner of the images, what significant change has occurred?  **A)** A building has been demolished. **B)** A new building has been constructed. **C)** The existing building's roof was repainted. **D)** A large tree was removed from the yard.",B,A,a,False,Multiple Choice
298,What change occurred to the sidewalk located on the western side of the road in the northwestern part of the image?  **A)** It was newly constructed. **B)** It was demolished. **C)** It was widened. **D)** It was painted with a crosswalk.,B,C,c,False,Multiple Choice
301,"Looking at the lower-left section of the area, what change is visible regarding the sidewalk?  **A)** It was newly constructed along the newly built road. **B)** It was demolished and replaced with a patch of dirt. **C)** It was widened to accommodate more pedestrians. **D)** It was repaved with a darker asphalt material.",A,D,d,False,Multiple Choice
309,"In the backyard area of the newly developed property on the western edge of the neighborhood, bordering the open green space, what change can be observed regarding the tree at that location?  **A)** A tree was planted. **B)** A tree was removed. **C)** A tree was replaced by a brick patio. **D)** A tree was significantly pruned.",A,B,b,False,Multiple Choice
316,"What happened to the vegetation in the northwest section of the parking lot, bordering the open field?  **A)** A tree was removed. **B)** A tree was planted. **C)** The grass was replaced with gravel. **D)** A new driveway was paved.",B,A,a,False,Multiple Choice
318,"In the lower-left portion of the imagery, there is a residential lot located near the curve of the road. What change can be observed regarding the tree in the front yard of this property?  **A)** It was planted. **B)** It was removed. **C)** It was relocated to the side of the house. **D)** It was replaced with a stone path.",A,B,b,False,Multiple Choice
326,"Has a new residential building been constructed in the central-western part of the neighborhood, situated along the street that runs diagonally through the area?",Yes,No,no,False,Yes/No
329,"In the middle-right area of the image, along the side of the diagonal residential road, what change has occurred to the sidewalk?  **A)** The sidewalk was demolished. **B)** A new sidewalk was constructed. **C)** The sidewalk was significantly widened. **D)** A sidewalk was replaced by a row of trees.",B,C,c,False,Multiple Choice
336,"Has the small tree located in the western section of the field, south of the larger cluster of vegetation, been removed and replaced by the roof of a newly constructed house?",Yes,No,no,False,Yes/No
341,"In the eastern portion of the site, situated south of the prominent green tree line, what change can be observed between the two images?  **A)** A new building has been constructed. **B)** A pre-existing building was demolished. **C)** The area was cleared of vegetation to create a dirt road. **D)** An outdoor swimming pool was added to the property.",A,C,c,False,Multiple Choice
347,"In the upper-left portion of the residential area shown in the second image, what change has occurred to the property compared to the first image?  **A)** A new residential building has been constructed. **B)** An existing building has been demolished and not replaced. **C)** The building has undergone a significant roof renovation. **D)** A large swimming pool has been installed in the backyard.",A,B,b,False,Multiple Choice
351,"Has a house been constructed on the vacant lot in the top-left quadrant, located as the second property from the street corner?",Yes,No,no,False,Yes/No
356,What change occurred to the paved road in the lower section of the image?  **A)** A new paved road was constructed. **B)** An existing paved road was removed. **C)** The paved road was replaced with a gravel path. **D)** No changes were made to the paved road.,A,D,d,False,Multiple Choice
366,"Focusing on the front yard of the second house from the top on the western side of the street, what change involving a tree has occurred between the two images?  **A)** A tree was removed. **B)** A tree was planted. **C)** A tree was replaced by a lamp post. **D)** A tree was relocated to the back of the property.",B,A,a,False,Multiple Choice
375,"In the residential area, focusing on the property located at the inner corner where the road curves near the right side of the image, what change has occurred to the tree in its front yard?  **A)** It has been removed to widen the road. **B)** It has grown significantly in size. **C)** It has been replaced by a small storage shed. **D)** It was cut down and replaced with a flower bed.",B,D,d,False,Multiple Choice
382,"Has a tree been planted in the northwestern corner of the area, situated near the road that runs along the northern perimeter?",Yes,No,no,False,Yes/No
388,"In the lower-left area of the residential development, specifically on the west side of the cul-de-sac, what change has occurred to the building at that location?  **A)** It was demolished. **B)** It was newly constructed. **C)** It underwent a major roof renovation. **D)** It was partially destroyed by fire.",B,A,a,False,Multiple Choice
392,Is there any observable discrepancy in the overall scene composition between these two temporal captures?,No,Yes,yes,False,Yes/No
395,Has a new residential building been constructed in the western section of the middle row of houses located between two parallel streets?,Yes,No,no,False,Yes/No
396,"Has a tree been planted in the front yard of the house in the lower-left section of the developed residential area, situated between the house and the curving street?",Yes,No,no,False,Yes/No
400,"In the western part of the neighborhood, specifically behind the house on the far left, what change can be observed regarding the swimming pool?  **A)** A swimming pool has been removed and replaced with a garden. **B)** A swimming pool has been newly constructed. **C)** The existing swimming pool was filled in with concrete. **D)** The shape of the swimming pool was modified from rectangular to oval.",B,A,a,False,Multiple Choice
404,"Looking at the western portion of the landscape, what change has occurred in the area that previously featured a dirt track and trees?  **A)** Existing structures were removed to create an open field. **B)** The dirt track was paved into a major four-lane highway. **C)** New residential buildings have been constructed on the site. **D)** A large industrial factory was built over the wooded area.",C,A,a,False,Multiple Choice
406,"Looking at the intersection in the top center of the image, what change can be observed regarding the sidewalk infrastructure?  **A)** A crosswalk has been added. **B)** The sidewalk has been removed. **C)** The sidewalk has been narrowed. **D)** The sidewalk has been painted green.",A,B,b,False,Multiple Choice
410,"Has a body of water been newly constructed in the southwestern quadrant of the region, situated to the south of the residential housing development?",Yes,No,no,False,Yes/No
413,"Looking at the upper-middle section of the images, what change has occurred regarding the building at that location?  **A)** An existing building has been demolished. **B)** A new residential building has been constructed. **C)** The building has undergone a significant roof renovation. **D)** An extension has been added to the side of an existing house.",B,A,a,False,Multiple Choice
415,"In the southeastern portion of the image, adjacent to the curve of the road on the far right, what change has occurred to the sidewalk between the two time periods?  **A)** It was demolished. **B)** It was newly constructed. **C)** It was widened into a parking bay. **D)** It was painted with yellow safety markings.",A,B,b,False,Multiple Choice
423,Is there any observable discrepancy in the scene composition between these two images?,No,Yes,yes,False,Yes/No
438,"Looking at the upper portion of the images, what is the primary change that occurred regarding the parking lot?  **A)** A parking lot was demolished to create open space. **B)** A parking lot was newly constructed on previously undeveloped land. **C)** An existing parking lot was expanded to the south. **D)** A parking lot was converted into a residential building site.",B,C,c,False,Multiple Choice
456,"In the northeastern part of the second image, what change is observed regarding a swimming pool compared to the first image?  **A)** An existing swimming pool was removed and replaced with trees. **B)** A new swimming pool was constructed as part of a residential development. **C)** The swimming pool remained unchanged between both images. **D)** A swimming pool was converted into a small building.",B,C,c,False,Multiple Choice
461,"Looking at the property located at the corner of the intersection near the center of the images, what transformation occurred between the first and second time periods?  **A)** A new residential building was constructed. **B)** An existing building was demolished to create open land. **C)** The building underwent a complete roof replacement. **D)** There were no significant changes to the structure at this location.",A,D,d,False,Multiple Choice
462,"Has a swimming pool been newly constructed on the western edge of the property, adjacent to the house on the left?",Yes,No,no,False,Yes/No
463,What change is observed regarding the sidewalk at the eastern corner of the main intersection?  **A)** A section of sidewalk was removed. **B)** A new sidewalk was constructed. **C)** The sidewalk was replaced with a bike path. **D)** The existing sidewalk was narrowed.,B,A,a,False,Multiple Choice
468,"In the northeastern area of the scene, situated on the grassy strip next to the road, what change can be seen regarding the tree at that location?  **A)** A tree was planted. **B)** A tree was removed. **C)** A tree was trimmed. **D)** A tree was replaced by a signpost.",A,B,b,False,Multiple Choice
478,What change has occurred to the vegetation in the front yard of the house located near the bottom-left corner of the image?  **A)** A tree has been removed and replaced with a small flower bed. **B)** Small saplings or shrubs have grown into a large tree with a dense canopy. **C)** The tree was cut down to a stump. **D)** A large tree was replaced by multiple smaller bushes.,B,A,a,False,Multiple Choice
484,"Looking at the site in the lower central part of the images, west of the vertical road, what change has taken place?  **A)** A new building was constructed. **B)** A building was demolished. **C)** The building was relocated to a different lot. **D)** A swimming pool was filled in.",A,B,b,False,Multiple Choice
488,"What change has occurred in the lower-right corner of the property, east of the dirt road, between the first and second images?  **A)** A new building has been constructed. **B)** A pre-existing building was demolished. **C)** A large section of forest was cleared for a driveway. **D)** A swimming pool was installed behind an existing house.",A,C,c,False,Multiple Choice
492,"In the upper-left portion of the imagery, what change has occurred to the building at that location?  **A)** It has been demolished. **B)** It has been newly constructed on previously vacant land. **C)** It has undergone significant roof repairs. **D)** It has been expanded with a large addition.",B,A,a,False,Multiple Choice
493,"Has a new residential building been constructed in the southern portion of the neighborhood, on the plot of land near the bottom edge of the image?",Yes,No,no,False,Yes/No
502,What change is observed in the paved road that runs horizontally across the top of the scene?  **A)** It was demolished and replaced with vegetation. **B)** It was newly constructed. **C)** It was painted with new lane markers. **D)** It was converted from a two-lane road to a four-lane highway.,B,D,d,False,Multiple Choice
503,"Has a new building been constructed on the eastern side of the main north-south road, a short distance north of the three-way intersection?",Yes,No,no,False,Yes/No
505,"When comparing the two images, what significant change has occurred in the northwest corner of the area?  **A)** A new residential building was constructed. **B)** An existing house was demolished. **C)** A large commercial parking lot was paved. **D)** A dense patch of trees was planted.",A,B,b,False,Multiple Choice
513,"What change has occurred to the area in the middle-left portion of the image, adjacent to the paved road and parking stalls?  **A)** A new building was constructed. **B)** An existing building was demolished. **C)** The building's roof was replaced with different materials. **D)** The area was converted from a building to a gravel lot.",A,D,d,False,Multiple Choice
518,"On the western edge of the pond located in the bottom-left area of the imagery, what change can be observed regarding the tree?  **A)** A tree was removed. **B)** A tree appeared. **C)** A tree was replaced by a small building. **D)** The tree was severely trimmed.",B,A,a,False,Multiple Choice
526,"Looking at the upper left corner of the area shown, what significant change can be observed between the two images at the end of the street?  **A)** A residential building was newly constructed on a previously empty lot. **B)** A large tree was removed to clear space for a backyard. **C)** An existing house was demolished, leaving an open field. **D)** A public playground was built for the local community.",A,C,c,False,Multiple Choice
530,"Looking at the residential area south of the main road, what change has occurred to the swimming pool behind the house in the lower middle section of the image?  **A)** The swimming pool was demolished. **B)** A new swimming pool was constructed. **C)** The existing swimming pool was filled in with soil. **D)** The swimming pool was enlarged and remodeled.",B,A,a,False,Multiple Choice
544,What change can be observed at the road intersection located in the upper portion of the image?  **A)** A crosswalk was added to the pavement. **B)** An existing crosswalk was removed. **C)** The intersection was converted into a roundabout. **D)** Traffic lights were installed at each corner.,A,B,b,False,Multiple Choice
553,"Along the eastern side of the curved road in the center of the image, what change has occurred at the site of the landscaping?  **A)** A tree has been removed. **B)** A new tree has been planted. **C)** A tree has been replaced by a building. **D)** The tree has been cut down for road widening.",B,A,a,False,Multiple Choice
554,"Looking at the street corner in the bottom right corner of the images, what change occurred to the sidewalk?  **A)** It was demolished. **B)** It was constructed. **C)** It was widened. **D)** It remained unchanged.",A,D,d,False,Multiple Choice
555,"In the front yard of the house located at the northeast corner of the intersection, what change has occurred to the tree?  **A)** A tree was removed. **B)** A tree was planted. **C)** The tree was relocated to the backyard. **D)** The tree was replaced by a stone statue.",B,A,a,False,Multiple Choice
561,"In the backyard of the second house from the left along the northern side of the street, what change has occurred regarding the swimming pool?  **A)** A new swimming pool was constructed. **B)** An existing swimming pool was demolished and filled in. **C)** A swimming pool was covered with a retractable roof. **D)** A large swimming pool was replaced by a smaller ornamental pond.",A,D,d,False,Multiple Choice
562,What change has occurred to the tree in the northwest corner of the images?  **A)** It has grown larger. **B)** It was demolished. **C)** It has been pruned. **D)** It was moved to the center of the new residential area.,B,C,c,False,Multiple Choice
574,"Has a new paved sidewalk been constructed in the bottom-left corner of the image, running along the edge of the road in front of the residential properties?",Yes,No,no,False,Yes/No
575,"In the upper-middle portion of the image, bordering the northern edge of the horizontal street and the adjacent park area, what addition was made to the landscape?  **A)** A paved sidewalk was constructed. **B)** A row of small trees was planted. **C)** A stone retaining wall was built. **D)** A wooden fence was installed.",A,B,b,False,Multiple Choice
576,"What happened to the sidewalk in the northern part of the image, along the side of the vertical road?  **A)** It was repaved with cobblestones. **B)** It was demolished. **C)** It was extended to the intersection. **D)** It was painted with yellow stripes.",B,C,c,False,Multiple Choice
580,Has a new residential building been constructed in the northern portion of the row of houses that borders the open field to the east?,Yes,No,no,False,Yes/No
588,"What change can be observed at the lot on the western edge of the middle row of houses?  **A)** A house was demolished, leaving a vacant lot. **B)** A new house was constructed. **C)** An existing building's roof was replaced with a different material. **D)** A swimming pool was installed in the backyard.",B,A,a,False,Multiple Choice
589,"In the lower right corner of the images, what change is observed regarding the building at that location?  **A)** A new building was constructed. **B)** An existing building was demolished. **C)** The building's roof was replaced. **D)** The building was expanded with a new wing.",A,B,b,False,Multiple Choice
593,What change has occurred to the building located in the upper right corner of the images?  **A)** The building was demolished. **B)** A new building was constructed. **C)** The building's roof was replaced. **D)** A large addition was built onto an existing structure.,B,D,d,False,Multiple Choice
598,"Looking at the northwest corner of the site, what change has occurred between the two images?  **A)** A building was demolished. **B)** A new residential building was constructed. **C)** A parking lot was paved. **D)** The area was cleared of trees but left undeveloped.",B,A,a,False,Multiple Choice
622,"At the bottom center of the images, what change has occurred to the sidewalk?  **A)** It was newly constructed. **B)** It was demolished and replaced with vegetation. **C)** It was widened to accommodate a bicycle lane. **D)** It was painted with a new decorative pattern.",A,B,b,False,Multiple Choice
631,"On the western side of the residential area, adjacent to the diagonal road, what change occurred regarding the tree at that location?  **A)** It was planted. **B)** It was cut down. **C)** It was relocated to a different yard. **D)** It remained unchanged throughout the development.",A,B,b,False,Multiple Choice
633,"Looking at the southwestern portion of the imagery, what change has occurred regarding the sidewalk?  **A)** It was demolished. **B)** It was newly constructed. **C)** It was narrowed to allow for more landscaping. **D)** It was repaved with a darker material.",B,A,a,False,Multiple Choice
644,What change can be observed at the property located at the far right end of the top row of houses?  **A)** A new building was constructed. **B)** The existing building was demolished. **C)** The property was converted into a park. **D)** A large extension was added to the existing house.,A,D,d,False,Multiple Choice
649,What change is observed in the western part of the images at the site of the house in the upper left quadrant of the residential development?  **A)** A new building was constructed. **B)** An existing building was demolished. **C)** The land was cleared for a new road. **D)** A garden was replaced by a swimming pool.,A,B,b,False,Multiple Choice
651,"On the far right edge of the scene, what change has occurred regarding the building structure?  **A)** A new building was constructed. **B)** The existing building was demolished. **C)** The building underwent a roof replacement. **D)** There was no change to the building.",A,D,d,False,Multiple Choice
660,"In the eastern section of the neighborhood, along the right side of the curved residential street, what change has occurred regarding the sidewalk?  **A)** A section of the sidewalk was demolished. **B)** The sidewalk has been newly constructed. **C)** The sidewalk was repainted with markings. **D)** The sidewalk was replaced with a grassy area.",B,A,a,False,Multiple Choice
661,"In the bottom right corner of the imagery, what change has occurred regarding a building?  **A)** A building was demolished. **B)** A building was newly constructed. **C)** A building was significantly expanded. **D)** A building was relocated.",B,A,a,False,Multiple Choice
662,"Has a new building been constructed in the top-left quadrant of the image, situated near the bend in the road?",Yes,No,no,False,Yes/No
663,"In the southwestern corner of the image, south of the main horizontal road, has a new group of trees been planted?",Yes,No,no,False,Yes/No
668,"Has the lone tree located in the upper-left quadrant, to the west of the winding dirt path, been cleared for the construction of a building?",Yes,No,no,False,Yes/No
670,"Has the small tree located in the southeastern corner of the wooded area, near the edge of the property, been removed and replaced by a paved road or sidewalk as part of a new residential development?",Yes,No,no,False,Yes/No
672,Is there a significant global alteration detectable across these two captures?,No,Yes,yes,False,Yes/No
685,"What change occurred to the property in the bottom-left portion of the image, along the residential street?  **A)** A new house was constructed. **B)** An existing building was demolished. **C)** A swimming pool was added to the backyard. **D)** The area was paved for a new parking lot.",A,D,d,False,Multiple Choice
692,"Look at the front yard of the house on the far west side of the image, situated along the main road that curves through the center. What change is evident regarding the tree in that yard?  **A)** The tree has been removed and replaced with a flower bed. **B)** The tree has grown significantly larger. **C)** The tree was replaced with a street lamp. **D)** A small shed was built where the tree once stood.",B,A,a,False,Multiple Choice
707,What change is observed in the previously undeveloped land on the western side of the residential block between the two images?  **A)** A new residential building was constructed. **B)** A swimming pool was installed in a backyard. **C)** An existing building was demolished. **D)** A new road was paved through the field.,A,B,b,False,Multiple Choice
713,What change can be observed regarding the tree in the top right corner of the image?  **A)** It was removed. **B)** It has been replaced by a new structure. **C)** More vegetation has grown around it. **D)** It has remained unchanged.,A,D,d,False,Multiple Choice
715,"Looking at the front yard of the third house from the top on the eastern side of the north-south road, what change has occurred to the tree located there between the two images?  **A)** The tree has been removed. **B)** The tree has grown significantly in size. **C)** The tree has been replaced by a lamppost. **D)** The tree has died and lost its leaves.",B,A,a,False,Multiple Choice
721,"Looking at the northwest corner of the images, what change has occurred to the building at that location?  **A)** The building was demolished. **B)** A new building was constructed. **C)** The building underwent a major renovation. **D)** Part of the building was removed to make room for a road.",B,A,a,False,Multiple Choice
737,"In the eastern section of the image, to the right of the central pond, has a dense cluster of trees appeared?",Yes,No,no,False,Yes/No
739,"What change can be observed in the southwest corner of the area shown in the images?  **A)** A building was demolished, leaving an empty lot. **B)** A new building has been constructed where there was previously undeveloped land. **C)** The roof of the building was changed from a dark color to a lighter one. **D)** A large patch of trees was cleared to make way for a road.",B,A,a,False,Multiple Choice
743,"Looking at the area near the top center of the images, what significant change has occurred regarding the structures?  **A)** A house was completely demolished, leaving a vacant lot. **B)** A new residential building has been constructed on previously undeveloped land. **C)** An existing building was expanded with a new wing. **D)** The color of the roof on a pre-existing house was changed during a renovation.",B,A,a,False,Multiple Choice
748,"In the bottom-left corner of the images, what change has occurred regarding the building at that location?  **A)** It was newly constructed. **B)** It was completely demolished. **C)** A second story was added to the existing structure. **D)** The roof was repainted a different color.",A,B,b,False,Multiple Choice
756,"What change has occurred along the eastern edge of the road in the upper right portion of the image, just north of the roundabout?  **A)** A new sidewalk has been constructed. **B)** The sidewalk has been removed to create a drainage ditch. **C)** A sound wall has been built along the sidewalk. **D)** The sidewalk has been replaced with a gravel path.",A,B,b,False,Multiple Choice
760,"In the western portion of the image, adjacent to the main road running diagonally, what change has occurred at the site that was previously an empty cleared lot?  **A)** A building was demolished. **B)** A new house was constructed. **C)** A tennis court was removed. **D)** The area was converted into a parking lot.",B,D,d,False,Multiple Choice
764,"What change occurred to the building located in the west-central section of the area, situated along the residential street?  **A)** It was demolished. **B)** It was newly constructed. **C)** It underwent a roof replacement. **D)** It remained unchanged.",B,D,d,False,Multiple Choice
774,"Looking at the bottom-right corner of the images, what change occurred to the tree visible in the first image after the area was developed?  **A)** It was preserved as part of a new backyard garden. **B)** It was removed and replaced by a residential building. **C)** It was relocated to a nearby park area. **D)** It was replaced by a paved parking lot.",B,D,d,False,Multiple Choice
776,"Looking at the residential street, what change has occurred at the third lot from the top on the left side of the road?  **A)** A new house has been constructed. **B)** The existing house was demolished. **C)** A large garage was added to the property. **D)** The land was converted into a community park.",A,B,b,False,Multiple Choice
784,"In the center-left portion of the imagery, situated along the southern edge of the curving roadway, what change has occurred regarding the vegetation at that specific location?  **A)** A tree was planted. **B)** An existing tree was demolished. **C)** The vegetation was thinned out. **D)** A tree was relocated to the nearby forest.",A,B,b,False,Multiple Choice
803,What change occurred at the location in the southwest corner of the image?  **A)** A new house was constructed on previously undeveloped land. **B)** An existing residential structure was demolished. **C)** The roof of the building was replaced with a different material. **D)** A small shed was expanded into a larger residential building.,A,B,b,False,Multiple Choice
804,What change occurred to the swimming pool in the backyard of the house located at the northernmost end of the residential cul-de-sac?  **A)** A swimming pool was constructed. **B)** A swimming pool was demolished. **C)** The swimming pool was significantly enlarged. **D)** The swimming pool was relocated to the front yard.,A,B,b,False,Multiple Choice
806,"What change can be observed in the area located north of the long, light-colored buildings in the bottom right corner of the image?  **A)** A building was demolished. **B)** A new building has been constructed. **C)** A swimming pool was installed in the yard. **D)** The area was cleared to create a paved parking lot.",B,D,d,False,Multiple Choice
811,"In the yard of the property located at the corner in the bottom right of the image, what change occurred regarding the tree?  **A)** It was planted. **B)** It was removed. **C)** It was replaced by a driveway. **D)** It was moved to the opposite side of the house.",A,B,b,False,Multiple Choice
813,Is there any observable discrepancy in the global scene composition between these two images?,No,Yes,yes,False,Yes/No
817,"Looking at the area near the center of the first image where a small white structure is visible next to some trees, what change has occurred in the second image?  **A)** The structure was removed to create a paved parking lot. **B)** The structure was demolished and a new residential house was built in its place. **C)** The structure was painted a different color but otherwise remained the same. **D)** The structure was preserved as an outbuilding for a newly constructed mansion.",B,A,a,False,Multiple Choice
819,What change occurred to the small building situated on the left side of the image?  **A)** It was moved to the center of the property. **B)** It was expanded and converted into a larger residence. **C)** It was demolished to make way for new housing development. **D)** It remained untouched while the surrounding land was cleared.,C,D,d,False,Multiple Choice
825,"In the upper right section of the images, what change can be observed regarding the cul-de-sac and the connecting road?  **A)** The road was completely removed and replaced with vegetation. **B)** The light-colored road surface was repaved with a darker material. **C)** The road was widened, and additional parking spots were added. **D)** A new roundabout was built to replace the dead-end cul-de-sac.",B,D,d,False,Multiple Choice
828,Is there any observable discrepancy in the scene composition between the two images?,No,Yes,yes,False,Yes/No
833,"At the street corner in the northeast portion of the image, what change occurred to the sidewalk?  **A)** It was demolished to make way for the road. **B)** It was newly constructed. **C)** It was narrowed to increase the size of the residential lot. **D)** It was painted to mark a new pedestrian crossing.",B,C,c,False,Multiple Choice
841,"Looking at the area alongside the main road running horizontally through the upper portion of the images, what change has occurred to the sidewalk?  **A)** A new sidewalk was constructed. **B)** The sidewalk was completely demolished and replaced with grass. **C)** The sidewalk was narrowed to make room for an additional traffic lane. **D)** The sidewalk was painted with a new bike lane indicator.",A,C,c,False,Multiple Choice
843,"In the lower-middle part of the images, what change has occurred regarding the swimming pool?  **A)** It was newly constructed. **B)** It was removed and replaced with vegetation. **C)** It was converted into a residential structure. **D)** It was significantly enlarged.",A,B,b,False,Multiple Choice
845,"In the northern section of the open field, situated in the upper-central portion of the clearing, what change can be observed regarding the tree at that location?  **A)** A tree was added. **B)** A tree was removed. **C)** A tree was pruned to a much smaller size. **D)** There was no change to the tree's appearance.",A,D,d,False,Multiple Choice
853,"In the bottom right corner of the images, what change occurred to the sidewalk?  **A)** A new sidewalk was constructed. **B)** The existing sidewalk was removed and replaced with grass. **C)** The sidewalk was narrowed to accommodate a wider road. **D)** A brick wall was built on top of the sidewalk.",A,C,c,False,Multiple Choice
858,"Focusing on the area in the lower right quadrant of the image, east of the central north-south road, what is the nature of the change observed at that specific site?  **A)** A new building has been constructed. **B)** A building has been completely demolished. **C)** An existing building has been significantly expanded. **D)** The roof of a building has been repainted or reshingled.",A,B,b,False,Multiple Choice
864,"In the northeast corner of the image, what change has occurred to the tree in the backyard of the house?  **A)** It was removed. **B)** It has grown significantly larger. **C)** It was replaced by a swimming pool. **D)** It was converted into a treehouse.",A,B,b,False,Multiple Choice
868,"In the northwest corner of the images, what change can be observed regarding the small body of water?  **A)** It was replaced by foliage. **B)** It expanded significantly in size. **C)** It dried out and became a patch of bare soil. **D)** It was replaced by a small concrete structure.",A,C,c,False,Multiple Choice
875,"Comparing the two images, what change is observed in the vegetation located in the front yard of the house situated in the center-right area of the neighborhood?  **A)** The tree has been removed and replaced with a paved driveway. **B)** The tree has matured and grown significantly in size. **C)** The tree was replaced by a new residential building extension. **D)** The tree has been removed to install a new circular swimming pool.",B,D,d,False,Multiple Choice
879,"In the bottom center-right part of the image, at the end of the row of houses along the eastern side of the road, what change has occurred between the first and second images?  **A)** A new house was built where there was previously empty land. **B)** A house was completely removed. **C)** A paved parking lot was added. **D)** A small pond was excavated.",A,B,b,False,Multiple Choice
884,"Looking at the area west of the white building in the northern section of the property, what change has occurred regarding a swimming pool?  **A)** The swimming pool was removed and filled with dirt. **B)** A new swimming pool was constructed. **C)** The swimming pool was covered by a new deck. **D)** The shape of the swimming pool was changed from rectangular to circular.",B,A,a,False,Multiple Choice
894,"In the middle-left section of the image, has a new residential building been constructed on land that was previously covered by dense forest?",Yes,No,no,False,Yes/No
899,What change can be observed regarding the parking lot in the upper-left corner of the image?  **A)** A parking lot was newly constructed. **B)** An existing parking lot was removed and replaced with trees. **C)** The parking lot was significantly expanded from its original size. **D)** The parking lot was converted into a temporary construction site.,A),B,b,False,Multiple Choice
904,Is there any observable discrepancy in the overall scene composition between the two captures?,No,Yes,yes,False,Yes/No
905,"Looking at the central and southern sections of the images, what change has occurred regarding the paved road?  **A)** An existing paved road was completely demolished and overgrown with vegetation. **B)** A new paved road was constructed where there was previously forest and undeveloped terrain. **C)** A narrow dirt trail was widened but remains unpaved. **D)** No changes are visible in the road infrastructure within this area.",B,D,d,False,Multiple Choice
912,"Looking at the residential area in the northwestern part of the images, what change has occurred to the swimming pool located in the backyard of one of the houses?  **A)** It was filled in and replaced with a lawn. **B)** It was newly constructed. **C)** It was expanded to include a hot tub. **D)** It was covered with a grey pool cover.",B,A,a,False,Multiple Choice
917,"Looking at the northeastern edge of the parking lot for the building with the prominent blue/purple roof, what change can be observed regarding the tree at that location?  **A)** It has been removed. **B)** It has grown significantly in size and foliage. **C)** It was replaced by a concrete walkway. **D)** It was trimmed to a much smaller size.",B,A,a,False,Multiple Choice
929,"Focusing on the area along the far right edge of the frame, what is the nature of the change that occurred between the first and second images?  **A)** A pre-existing structure was demolished to clear the land. **B)** A new residential building was constructed. **C)** A large commercial parking lot was established. **D)** The land was converted into a public park with walking trails.",B,A,a,False,Multiple Choice
932,"In the front yard of the house located at the bottom center of the images, what change occurred to the tree situated near the sidewalk?  **A)** The tree was removed to clear space for landscaping. **B)** The tree grew significantly and its canopy became much denser. **C)** The tree was replaced by a fire hydrant. **D)** The tree was cut down and replaced with a flower bed.",B,A,a,False,Multiple Choice
934,What change occurred to the swimming pool located in the southwest corner of the imagery?  **A)** It was demolished and replaced by a field. **B)** It was newly constructed as part of residential development. **C)** Its shape was modified from rectangular to kidney-shaped. **D)** It was filled in and paved over.,B,D,d,False,Multiple Choice
937,"Has the tree situated in the front yard of the residence on the southern side of the curved street, near the driveway, increased significantly in size and canopy density?",Yes,No,no,False,Yes/No
944,"Has a new building been constructed in the upper-right quadrant of the residential area, situated on the north side of the inner street?",Yes,No,no,False,Yes/No
946,What notable change has occurred to the property located on the middle-right edge of the imagery?  **A)** An existing building was demolished. **B)** A new building has been constructed. **C)** The roof of an existing building was changed from black to grey. **D)** The area was cleared of structures to create a park.,B,A,a,False,Multiple Choice
949,"In the northwestern portion of the image, near the main road intersection, what change can be observed regarding the sidewalk?  **A)** It was demolished to make way for a new road lane. **B)** It was newly constructed where there was previously only unpaved land. **C)** It was relocated further away from the road edge. **D)** It was widened and repaved with darker material.",B,D,d,False,Multiple Choice
952,"In the eastern section of the parking area, within one of the designated landscaping islands, what change is observed regarding the tree between the two images?  **A)** It was removed to increase parking capacity. **B)** It has been newly grown. **C)** It was relocated from the western side of the building. **D)** It has been replaced by a utility pole.",B,A,a,False,Multiple Choice
962,"Looking at the bottom-left corner of the image, what change can be observed between the two timeframes?  **A)** A building was demolished and the area was cleared. **B)** A new building was constructed on the vacant lot. **C)** The area was converted into a public park with new trees. **D)** A parking lot was paved over the existing vegetation.",B,A,a,False,Multiple Choice
963,"What change can be observed in the front yard of the house located in the lower-middle part of the images, near the street?  **A)** The trees have been cut down. **B)** A new swimming pool was installed. **C)** The vegetation has grown significantly. **D)** The front lawn was replaced with gravel.",C,B,b,False,Multiple Choice
966,"Focusing on the bottom-left area of the image, what change has occurred between the two time periods regarding the structures in that location?  **A)** A residential building was demolished. **B)** A new building was constructed on previously undeveloped land. **C)** An existing building underwent a major roof renovation. **D)** A building was moved from another location.",B,A,a,False,Multiple Choice
968,"What change occurred to the tree located on the eastern side of the image, along the grassy strip between the residential fence and the sidewalk?  **A)** It was removed. **B)** It was planted. **C)** It was replaced with a utility pole. **D)** It was damaged by a storm.",B,A,a,False,Multiple Choice
971,"Looking at the area in the northern part of the image, above the horizontal road, what change has occurred between the two time periods?  **A)** A row of new residential houses has been constructed. **B)** A large commercial warehouse has been built. **C)** An existing housing development was demolished to clear land. **D)** A dense forest has grown over previously cleared land.",A,C,c,False,Multiple Choice
980,"In the lower-left portion of the image, along the edge of the residential street, what change has occurred to the sidewalk?  **A)** It was newly constructed. **B)** It was demolished and replaced with grass. **C)** It was widened to improve pedestrian access. **D)** It was repainted with bright yellow safety markings.",A,C,c,False,Multiple Choice
984,"Is there a new building constructed in the upper-left quadrant of the area, situated next to the newly developed road?",Yes,No,no,False,Yes/No
986,"Has a new building been constructed in the northeast quadrant of the image, at the corner of the intersection where there was previously a wooded area?",Yes,No,no,False,Yes/No
987,"Running vertically through the center of the images, what change can be observed regarding the trail?  **A)** It was formally constructed and paved. **B)** It was removed to make way for more residential housing. **C)** It was widened into a two-lane asphalt road. **D)** It was abandoned and has become overgrown with vegetation.",A,D,d,False,Multiple Choice
991,"In the bottom right corner of the images, what change has occurred to the athletic field over time?  **A)** The field has been expanded to include a second baseball diamond. **B)** The athletic field has been replaced by a paved parking lot. **C)** The natural grass surface was replaced with artificial turf. **D)** A large building was constructed on the site of the field.",B,C,c,False,Multiple Choice
